participant_id	Gender	Age	Group
sub-S010	M	19	FortyHz
sub-S011	M	22	FortyHz
sub-S012	F	21	FortyHz
sub-S013	F	21	FortyHz
sub-S014	M	21	FortyHz
sub-S015	M	19	FortyHz
sub-S016	M	18	FortyHz
sub-S017	F	20	FortyHz
sub-S018	M	20	FortyHz
sub-S019	M	21	FortyHz
sub-S020	M	23	Random
sub-S021	M	19	Random
sub-S022	M	18	Random
sub-S023	M	21	Random
sub-S024	F	18	Random
sub-S025	F	21	Random
sub-S026	M	20	Random
sub-S027	F	20	Random
sub-S028	M	21	Random
sub-S030	F	20	Random
sub-S031	F	21	Random
sub-S032	M	24	Random
sub-S033	F	21	Random
sub-S038	F	29	FortyHz
sub-S039	M	19	FortyHz
sub-S040	M	18	FortyHz
sub-S041	M	19	FortyHz
sub-S045	F	20	Random
sub-S047	F	18	Random
sub-S048	F	18	Random
sub-S049	F	21	Random
sub-S050	F	19	Random
sub-S051	F	20	Random
sub-S052	F	23	FortyHz
sub-S053	M	19	Random
sub-S054	F	18	FortyHz
sub-S055	F	20	Random
sub-S056	M	21	Random
sub-S057	M	21	Random
sub-S058	F	18	Random
sub-S059	M	20	FortyHz
sub-S060	M	21	FortyHz
sub-S061	F	19	FortyHz
sub-S062	M	21	Light
sub-S063	F	20	Light
sub-S064	M	18	Light
sub-S065	M	18	FortyHz
sub-S066	F	20	Light
sub-S067	F	18	Light
sub-S068	M	18	Light
sub-S069	M	23	Light
sub-S070	M	25	FortyHz
sub-S071	M	22	Light
sub-S072	F	21	Light
sub-S073	M	26	Light
sub-S074	M	18	FortyHz
sub-S075	M	35	Light
sub-S076	M	20	FortyHz
sub-S077	M	20	Light
sub-S078	F	21	Light
sub-S079	F	20	Light
sub-S080	F	18	Light
sub-S081	F	19	Light
sub-S082	F	20	FortyHz
sub-S083	F	20	Light
sub-S084	F	18	Light
sub-S085	F	24	Light
sub-S086	F	22	Light
sub-S087	M	24	Light
